{"cameraMode":{"drawMode":0,"name":"Shaded","section":"Shading Mode"},"sceneLighting":false,"audioPlay":false,"sceneViewState":{"m_AlwaysRefresh":false,"showFog":true,"showSkybox":false,"showFlares":true,"showImageEffects":true,"showParticleSystems":true,"showVisualEffectGraphs":true,"m_FxEnabled":true},"in2DMode":false,"pivot":{"x":0.7326492667198181,"y":0.06379999965429306,"z":0.10557880997657776},"rotation":{"x":0.08474964648485184,"y":0.9097450375556946,"z":-0.33498266339302065,"w":0.2301672250032425},"size":0.0345517098903656,"orthographic":false}