{"cameraMode":{"drawMode":0,"name":"Shaded","section":"Shading Mode"},"sceneLighting":false,"audioPlay":false,"sceneViewState":{"m_AlwaysRefresh":false,"showFog":true,"showSkybox":false,"showFlares":true,"showImageEffects":true,"showParticleSystems":true,"showVisualEffectGraphs":true,"m_FxEnabled":true},"in2DMode":false,"pivot":{"x":0.06825993955135346,"y":-0.2097170352935791,"z":0.3182566165924072},"rotation":{"x":0.0030537310522049667,"y":0.8747721910476685,"z":-0.4845091700553894,"w":0.00551221426576376},"size":1.2851206064224244,"orthographic":false}