{"cameraMode":{"drawMode":0,"name":"Shaded","section":"Shading Mode"},"sceneLighting":true,"audioPlay":false,"sceneViewState":{"m_AlwaysRefresh":false,"showFog":true,"showSkybox":true,"showFlares":true,"showImageEffects":true,"showParticleSystems":true,"showVisualEffectGraphs":true,"m_FxEnabled":true},"in2DMode":false,"pivot":{"x":0.23516952991485597,"y":-0.8547881841659546,"z":-0.7822577953338623},"rotation":{"x":0.3661394417285919,"y":0.025120675563812257,"z":-0.009888230822980404,"w":0.9301692843437195},"size":1.3520900011062623,"orthographic":false}