{"cameraMode":{"drawMode":0,"name":"Shaded","section":"Shading Mode"},"sceneLighting":true,"audioPlay":false,"sceneViewState":{"m_AlwaysRefresh":false,"showFog":true,"showSkybox":true,"showFlares":true,"showImageEffects":true,"showParticleSystems":true,"showVisualEffectGraphs":true,"m_FxEnabled":true},"in2DMode":false,"pivot":{"x":-1.4859373569488526,"y":-0.11555838584899903,"z":-1.7193931341171265},"rotation":{"x":-0.07507307082414627,"y":0.8788366913795471,"z":-0.44752541184425356,"w":-0.14742591977119447},"size":1.669793725013733,"orthographic":false}