{"cameraMode":{"drawMode":0,"name":"Shaded","section":"Shading Mode"},"sceneLighting":true,"audioPlay":false,"sceneViewState":{"m_AlwaysRefresh":false,"showFog":true,"showSkybox":true,"showFlares":true,"showImageEffects":true,"showParticleSystems":true,"showVisualEffectGraphs":true,"m_FxEnabled":true},"in2DMode":false,"pivot":{"x":-0.5871046781539917,"y":0.35676395893096926,"z":-1.3598555326461793},"rotation":{"x":-0.029826980084180833,"y":0.948453962802887,"z":-0.3012036383152008,"w":-0.09392109513282776},"size":0.8777692914009094,"orthographic":false}