{"cameraMode":{"drawMode":0,"name":"Shaded","section":"Shading Mode"},"sceneLighting":false,"audioPlay":false,"sceneViewState":{"m_AlwaysRefresh":false,"showFog":true,"showSkybox":false,"showFlares":true,"showImageEffects":true,"showParticleSystems":true,"showVisualEffectGraphs":true,"m_FxEnabled":true},"in2DMode":false,"pivot":{"x":0.929069995880127,"y":-0.04381474107503891,"z":0.021654635667800905},"rotation":{"x":0.234957754611969,"y":-0.32720938324928286,"z":0.08435602486133576,"w":0.9113898277282715},"size":0.12038569897413254,"orthographic":false}