{"cameraMode":{"drawMode":0,"name":"Shaded","section":"Shading Mode"},"sceneLighting":false,"audioPlay":false,"sceneViewState":{"m_AlwaysRefresh":false,"showFog":true,"showSkybox":false,"showFlares":true,"showImageEffects":true,"showParticleSystems":true,"showVisualEffectGraphs":true,"m_FxEnabled":true},"in2DMode":false,"pivot":{"x":0.10196863114833832,"y":0.008413553237915039,"z":0.08048516511917114},"rotation":{"x":-0.004132931586354971,"y":0.9141420722007752,"z":-0.40528354048728945,"w":-0.009323349222540856},"size":0.1065363809466362,"orthographic":false}